{"cameraMode":{"drawMode":0,"name":"Shaded","section":"Shading Mode"},"sceneLighting":true,"audioPlay":false,"sceneViewState":{"showFog":true,"showMaterialUpdate":false,"showSkybox":true,"showFlares":true,"showImageEffects":true,"showParticleSystems":true},"in2DMode":false,"pivot":{"x":-2.4236013889312746,"y":0.395263671875,"z":1.2663036584854127},"rotation":{"x":-0.027559636160731317,"y":0.972449779510498,"z":-0.1673245131969452,"w":-0.1601317822933197},"size":8.080676078796387,"orthographic":false}