{"cameraMode":{"drawMode":0,"name":"Shaded","section":"Shading Mode"},"sceneLighting":false,"audioPlay":false,"sceneViewState":{"showFog":true,"showMaterialUpdate":false,"showSkybox":false,"showFlares":true,"showImageEffects":true,"showParticleSystems":true},"in2DMode":false,"pivot":{"x":-1.509600043296814,"y":0.9965906143188477,"z":1.4995994567871094},"rotation":{"x":-0.1423274427652359,"y":0.8372409343719482,"z":-0.25898945331573489,"w":-0.4601098895072937},"size":3.3098788261413576,"orthographic":false}