{"cameraMode":{"drawMode":0,"name":"Shaded","section":"Shading Mode"},"sceneLighting":true,"audioPlay":false,"sceneViewState":{"showFog":true,"showMaterialUpdate":false,"showSkybox":true,"showFlares":true,"showImageEffects":true,"showParticleSystems":true},"in2DMode":false,"pivot":{"x":-2.764960289001465,"y":2.028071641921997,"z":3.9732015132904054},"rotation":{"x":0.04471161589026451,"y":0.9219759106636047,"z":-0.11201046407222748,"w":0.3680298924446106},"size":0.9471041560173035,"orthographic":false}