{"cameraMode":{"drawMode":0,"name":"Shaded","section":"Shading Mode"},"sceneLighting":true,"audioPlay":false,"sceneViewState":{"showFog":true,"showMaterialUpdate":true,"showSkybox":true,"showFlares":true,"showImageEffects":true,"showParticleSystems":true},"in2DMode":false,"pivot":{"x":241.4550018310547,"y":104.55857849121094,"z":-2.0691986083984377},"rotation":{"x":0.05397398769855499,"y":-0.0035769776441156866,"z":0.00019828707445412874,"w":0.998556911945343},"size":177.49949645996095,"orthographic":true}