{"cameraMode":{"drawMode":0,"name":"Shaded","section":"Shading Mode"},"sceneLighting":true,"audioPlay":false,"sceneViewState":{"showFog":true,"showMaterialUpdate":true,"showSkybox":true,"showFlares":true,"showImageEffects":true,"showParticleSystems":true},"in2DMode":false,"pivot":{"x":3.407273292541504,"y":-1.7296184301376343,"z":1.8727550506591797},"rotation":{"x":0.029089439660310746,"y":0.9686336517333984,"z":-0.20493847131729127,"w":0.13748976588249207},"size":2.346440553665161,"orthographic":false}