{"cameraMode":{"drawMode":0,"name":"Shaded","section":"Shading Mode"},"sceneLighting":true,"audioPlay":false,"sceneViewState":{"showFog":true,"showMaterialUpdate":true,"showSkybox":true,"showFlares":true,"showImageEffects":true,"showParticleSystems":true},"in2DMode":false,"pivot":{"x":-1.226098656654358,"y":0.9982836842536926,"z":0.8976146578788757},"rotation":{"x":0.034740619361400607,"y":-0.7416384816169739,"z":0.03852370008826256,"w":0.6687934398651123},"size":2.2058353424072267,"orthographic":false}