{"cameraMode":{"drawMode":0,"name":"Shaded","section":"Shading Mode"},"sceneLighting":true,"audioPlay":false,"sceneViewState":{"showFog":true,"showMaterialUpdate":true,"showSkybox":true,"showFlares":true,"showImageEffects":true,"showParticleSystems":true},"in2DMode":false,"pivot":{"x":-0.5274467468261719,"y":1.3577316999435425,"z":2.4886534214019777},"rotation":{"x":0.02365211956202984,"y":-0.9155875444412231,"z":0.05444783717393875,"w":0.3977214992046356},"size":2.2058353424072267,"orthographic":false}