{"cameraMode":{"drawMode":0,"name":"Shaded","section":"Shading Mode"},"sceneLighting":true,"audioPlay":false,"sceneViewState":{"showFog":true,"showMaterialUpdate":true,"showSkybox":true,"showFlares":true,"showImageEffects":true,"showParticleSystems":true},"in2DMode":false,"pivot":{"x":0.1194988489151001,"y":0.08744886517524719,"z":-0.16250324249267579},"rotation":{"x":0.03803648427128792,"y":0.9455413818359375,"z":-0.11977294087409973,"w":0.3002783954143524},"size":3.6846282482147219,"orthographic":false}