{"cameraMode":{"drawMode":0,"name":"Shaded","section":"Shading Mode"},"sceneLighting":true,"audioPlay":false,"sceneViewState":{"showFog":true,"showMaterialUpdate":true,"showSkybox":true,"showFlares":true,"showImageEffects":true,"showParticleSystems":true},"in2DMode":false,"pivot":{"x":-0.035093024373054507,"y":-1.226523756980896,"z":-0.051032960414886478},"rotation":{"x":0.04991919919848442,"y":0.9444218873977661,"z":-0.17039337754249574,"w":0.27669304609298708},"size":3.172281265258789,"orthographic":false}