{"cameraMode":{"drawMode":0,"name":"Shaded","section":"Shading Mode"},"sceneLighting":true,"audioPlay":false,"sceneViewState":{"showFog":true,"showMaterialUpdate":true,"showSkybox":true,"showFlares":true,"showImageEffects":true,"showParticleSystems":true},"in2DMode":false,"pivot":{"x":-1.16683030128479,"y":-0.0000032782554626464845,"z":1.2483593225479127},"rotation":{"x":-0.07755210995674133,"y":0.8036966323852539,"z":-0.10744283348321915,"w":-0.5801044702529907},"size":3.1215803623199465,"orthographic":false}