{"cameraMode":{"drawMode":0,"name":"Shaded","section":"Shading Mode"},"sceneLighting":true,"audioPlay":false,"sceneViewState":{"showFog":true,"showMaterialUpdate":true,"showSkybox":true,"showFlares":true,"showImageEffects":true,"showParticleSystems":true},"in2DMode":false,"pivot":{"x":-3.376187324523926,"y":-0.9253683090209961,"z":4.643204689025879},"rotation":{"x":0.11880803853273392,"y":-0.22868755459785462,"z":0.028131261467933656,"w":0.965815007686615},"size":5.4959635734558109,"orthographic":false}