{"cameraMode":{"drawMode":0,"name":"Shaded","section":"Shading Mode"},"sceneLighting":true,"audioPlay":false,"sceneViewState":{"showFog":true,"showMaterialUpdate":true,"showSkybox":true,"showFlares":true,"showImageEffects":true,"showParticleSystems":true},"in2DMode":false,"pivot":{"x":-1.4189966917037964,"y":0.2044593095779419,"z":2.5170602798461916},"rotation":{"x":0.03665193170309067,"y":-0.958803117275238,"z":0.14578954875469209,"w":0.2410435825586319},"size":2.5058352947235109,"orthographic":false}