{"cameraMode":{"drawMode":0,"name":"Shaded","section":"Shading Mode"},"sceneLighting":true,"audioPlay":false,"sceneViewState":{"showFog":true,"showMaterialUpdate":true,"showSkybox":true,"showFlares":true,"showImageEffects":true,"showParticleSystems":true},"in2DMode":false,"pivot":{"x":-3.40415358543396,"y":-0.5204199552536011,"z":6.719362258911133},"rotation":{"x":0.09259122610092163,"y":-0.23372037708759309,"z":0.02236402966082096,"w":0.967628538608551},"size":5.4959635734558109,"orthographic":false}