{"cameraMode":{"drawMode":0,"name":"Shaded","section":"Shading Mode"},"sceneLighting":true,"audioPlay":false,"sceneViewState":{"showFog":true,"showMaterialUpdate":true,"showSkybox":true,"showFlares":true,"showImageEffects":true,"showParticleSystems":true},"in2DMode":false,"pivot":{"x":-1.300849437713623,"y":0.8645545244216919,"z":3.24227237701416},"rotation":{"x":0.012733787298202515,"y":-0.9872625470161438,"z":0.11393620818853378,"w":0.11033513396978378},"size":0.7058355212211609,"orthographic":false}