{"cameraMode":{"drawMode":0,"name":"Shaded","section":"Shading Mode"},"sceneLighting":true,"audioPlay":false,"sceneViewState":{"showFog":true,"showMaterialUpdate":true,"showSkybox":true,"showFlares":true,"showImageEffects":true,"showParticleSystems":true},"in2DMode":false,"pivot":{"x":-2.221957206726074,"y":0.957660436630249,"z":0.3597645163536072},"rotation":{"x":0.21943746507167817,"y":0.359971821308136,"z":-0.08751977980136872,"w":0.902562141418457},"size":2.0899946689605715,"orthographic":false}