{"cameraMode":{"drawMode":0,"name":"Shaded","section":"Shading Mode"},"sceneLighting":false,"audioPlay":false,"sceneViewState":{"showFog":true,"showMaterialUpdate":true,"showSkybox":false,"showFlares":true,"showImageEffects":true,"showParticleSystems":true},"in2DMode":false,"pivot":{"x":-2.57521915435791,"y":1.3983047008514405,"z":0.6087462306022644},"rotation":{"x":0.25917357206344607,"y":0.596525251865387,"z":-0.2119518220424652,"w":0.7294273972511292},"size":2.2754557132720949,"orthographic":false}