{"cameraMode":{"drawMode":0,"name":"Shaded","section":"Shading Mode"},"sceneLighting":true,"audioPlay":false,"sceneViewState":{"showFog":true,"showMaterialUpdate":true,"showSkybox":true,"showFlares":true,"showImageEffects":true,"showParticleSystems":true},"in2DMode":false,"pivot":{"x":-2.9868175983428957,"y":0.31887781620025637,"z":1.341709852218628},"rotation":{"x":0.17079640924930573,"y":0.7731997966766357,"z":-0.2341042309999466,"w":0.564100980758667},"size":2.3899946212768556,"orthographic":false}