{"cameraMode":{"drawMode":0,"name":"Shaded","section":"Shading Mode"},"sceneLighting":true,"audioPlay":false,"sceneViewState":{"showFog":true,"showMaterialUpdate":true,"showSkybox":true,"showFlares":true,"showImageEffects":true,"showParticleSystems":true},"in2DMode":false,"pivot":{"x":-1.4082396030426026,"y":1.1215322017669678,"z":0.528174877166748},"rotation":{"x":0.0274362675845623,"y":0.8749640583992004,"z":-0.04992775246500969,"w":0.48083916306495669},"size":3.172281265258789,"orthographic":false}