{"cameraMode":{"drawMode":0,"name":"Shaded","section":"Shading Mode"},"sceneLighting":true,"audioPlay":false,"sceneViewState":{"showFog":true,"showMaterialUpdate":true,"showSkybox":true,"showFlares":true,"showImageEffects":true,"showParticleSystems":true},"in2DMode":false,"pivot":{"x":0.4271380305290222,"y":-0.48596838116645815,"z":-0.6779136657714844},"rotation":{"x":0.06873204559087753,"y":0.9233406782150269,"z":-0.196803018450737,"w":0.3224699795246124},"size":2.211405038833618,"orthographic":false}