{"cameraMode":{"drawMode":0,"name":"Shaded","section":"Shading Mode"},"sceneLighting":true,"audioPlay":false,"sceneViewState":{"showFog":true,"showMaterialUpdate":true,"showSkybox":true,"showFlares":true,"showImageEffects":true,"showParticleSystems":true},"in2DMode":false,"pivot":{"x":-2.0646047592163088,"y":1.021911859512329,"z":0.22707438468933106},"rotation":{"x":0.013780798763036728,"y":0.9829419851303101,"z":-0.16367357969284059,"w":0.08276143670082092},"size":2.73124623298645,"orthographic":false}