{"cameraMode":{"drawMode":0,"name":"Shaded","section":"Shading Mode"},"sceneLighting":false,"audioPlay":false,"sceneViewState":{"showFog":true,"showMaterialUpdate":true,"showSkybox":false,"showFlares":true,"showImageEffects":true,"showParticleSystems":true},"in2DMode":false,"pivot":{"x":-9.7642240524292,"y":-5.243865489959717,"z":3.4800002574920656},"rotation":{"x":0.06714153289794922,"y":-0.932620644569397,"z":0.23952673375606538,"w":0.2614227533340454},"size":2.1976442337036135,"orthographic":false}