{"cameraMode":{"drawMode":0,"name":"Shaded","section":"Shading Mode"},"sceneLighting":true,"audioPlay":false,"sceneViewState":{"showFog":true,"showMaterialUpdate":true,"showSkybox":true,"showFlares":true,"showImageEffects":true,"showParticleSystems":true},"in2DMode":false,"pivot":{"x":-2.7995641231536867,"y":0.3512248694896698,"z":1.1807607412338257},"rotation":{"x":-0.017989996820688249,"y":0.9797366857528687,"z":-0.10325225442647934,"w":-0.17070135474205018},"size":3.6846282482147219,"orthographic":false}