{"cameraMode":{"drawMode":0,"name":"Shaded","section":"Shading Mode"},"sceneLighting":false,"audioPlay":false,"sceneViewState":{"showFog":true,"showMaterialUpdate":true,"showSkybox":false,"showFlares":true,"showImageEffects":true,"showParticleSystems":true},"in2DMode":false,"pivot":{"x":-1.9393093585968018,"y":1.1984751224517823,"z":1.1324214935302735},"rotation":{"x":0.03803648427128792,"y":0.9455413818359375,"z":-0.11977294087409973,"w":0.3002783954143524},"size":1.8098790645599366,"orthographic":false}