{"cameraMode":{"drawMode":0,"name":"Shaded","section":"Shading Mode"},"sceneLighting":false,"audioPlay":false,"sceneViewState":{"showFog":true,"showMaterialUpdate":true,"showSkybox":false,"showFlares":true,"showImageEffects":true,"showParticleSystems":true},"in2DMode":false,"pivot":{"x":0.8969001770019531,"y":2.175483226776123,"z":0.5856132507324219},"rotation":{"x":0.25418055057525637,"y":-0.5773745179176331,"z":0.1954440176486969,"w":0.7508906126022339},"size":66.79432678222656,"orthographic":false}