{"cameraMode":{"drawMode":0,"name":"Shaded","section":"Shading Mode"},"sceneLighting":true,"audioPlay":false,"sceneViewState":{"showFog":true,"showMaterialUpdate":true,"showSkybox":true,"showFlares":true,"showImageEffects":true,"showParticleSystems":true},"in2DMode":false,"pivot":{"x":-1.5206223726272584,"y":0.8751537203788757,"z":1.5864932537078858},"rotation":{"x":0.2636764347553253,"y":-0.14545346796512605,"z":0.04025549441576004,"w":0.9527324438095093},"size":3.2580111026763918,"orthographic":false}