{"cameraMode":{"drawMode":0,"name":"Shaded","section":"Shading Mode"},"sceneLighting":true,"audioPlay":false,"sceneViewState":{"showFog":true,"showMaterialUpdate":true,"showSkybox":true,"showFlares":true,"showImageEffects":true,"showParticleSystems":true},"in2DMode":false,"pivot":{"x":-3.0554394721984865,"y":1.012411117553711,"z":1.1229734420776368},"rotation":{"x":-0.017989996820688249,"y":0.9797366857528687,"z":-0.10325225442647934,"w":-0.17070135474205018},"size":3.3846282958984377,"orthographic":false}