{"cameraMode":{"drawMode":0,"name":"Shaded","section":"Shading Mode"},"sceneLighting":true,"audioPlay":false,"sceneViewState":{"showFog":true,"showMaterialUpdate":true,"showSkybox":true,"showFlares":true,"showImageEffects":true,"showParticleSystems":true},"in2DMode":false,"pivot":{"x":-1.1036211252212525,"y":1.0639605522155762,"z":2.808154344558716},"rotation":{"x":0.008560651913285256,"y":-0.975926399230957,"z":0.038958072662353519,"w":0.21444430947303773},"size":2.2058353424072267,"orthographic":false}