{"cameraMode":{"drawMode":0,"name":"Shaded","section":"Shading Mode"},"sceneLighting":true,"audioPlay":false,"sceneViewState":{"showFog":true,"showMaterialUpdate":true,"showSkybox":true,"showFlares":true,"showImageEffects":true,"showParticleSystems":true},"in2DMode":false,"pivot":{"x":-1.989851713180542,"y":1.1203527450561524,"z":1.3980178833007813},"rotation":{"x":0.09226750582456589,"y":-0.004783288110047579,"z":0.00044318221625871956,"w":0.9957230091094971},"size":3.5494544506073,"orthographic":false}