{"cameraMode":{"drawMode":0,"name":"Shaded","section":"Shading Mode"},"sceneLighting":true,"audioPlay":false,"sceneViewState":{"showFog":true,"showMaterialUpdate":true,"showSkybox":true,"showFlares":true,"showImageEffects":true,"showParticleSystems":true},"in2DMode":false,"pivot":{"x":-0.08177540451288223,"y":2.697702407836914,"z":-0.03839832544326782},"rotation":{"x":0.05562065914273262,"y":0.9320023059844971,"z":-0.1623842716217041,"w":0.3192339837551117},"size":2.24235463142395,"orthographic":false}