{"cameraMode":{"drawMode":0,"name":"Shaded","section":"Shading Mode"},"sceneLighting":true,"audioPlay":false,"sceneViewState":{"showFog":true,"showMaterialUpdate":true,"showSkybox":true,"showFlares":true,"showImageEffects":true,"showParticleSystems":true},"in2DMode":false,"pivot":{"x":0.6631581783294678,"y":2.081742286682129,"z":4.767680644989014},"rotation":{"x":-0.0767693892121315,"y":0.8393522500991821,"z":-0.12299488484859467,"w":-0.5238959789276123},"size":2.3445241451263429,"orthographic":false}