{"cameraMode":{"drawMode":0,"name":"Shaded","section":"Shading Mode"},"sceneLighting":true,"audioPlay":false,"sceneViewState":{"showFog":true,"showMaterialUpdate":true,"showSkybox":true,"showFlares":true,"showImageEffects":true,"showParticleSystems":true},"in2DMode":false,"pivot":{"x":-0.6412177085876465,"y":0.7828058004379273,"z":3.1125779151916506},"rotation":{"x":0.012733787298202515,"y":-0.9872625470161438,"z":0.11393620818853378,"w":0.11033513396978378},"size":2.2058353424072267,"orthographic":false}