{"cameraMode":{"drawMode":0,"name":"Shaded","section":"Shading Mode"},"sceneLighting":true,"audioPlay":false,"sceneViewState":{"showFog":true,"showMaterialUpdate":true,"showSkybox":true,"showFlares":true,"showImageEffects":true,"showParticleSystems":true},"in2DMode":false,"pivot":{"x":-1.460067629814148,"y":-0.15393781661987306,"z":1.4979941844940186},"rotation":{"x":-0.041547466069459918,"y":0.9193703532218933,"z":-0.1010754182934761,"w":-0.37791165709495547},"size":2.921708822250366,"orthographic":false}