{"cameraMode":{"drawMode":0,"name":"Shaded","section":"Shading Mode"},"sceneLighting":false,"audioPlay":false,"sceneViewState":{"showFog":true,"showMaterialUpdate":true,"showSkybox":false,"showFlares":true,"showImageEffects":true,"showParticleSystems":true},"in2DMode":false,"pivot":{"x":-1.1935871839523316,"y":1.4636715650558472,"z":1.2206509113311768},"rotation":{"x":-0.03684062510728836,"y":0.9189384579658508,"z":-0.08849009871482849,"w":-0.382577121257782},"size":3.5100903511047365,"orthographic":false}