{"cameraMode":{"drawMode":0,"name":"Shaded","section":"Shading Mode"},"sceneLighting":true,"audioPlay":false,"sceneViewState":{"showFog":true,"showMaterialUpdate":true,"showSkybox":true,"showFlares":true,"showImageEffects":true,"showParticleSystems":true},"in2DMode":false,"pivot":{"x":-1.5659105777740479,"y":0.36925774812698367,"z":2.4056131839752199},"rotation":{"x":-0.08661162853240967,"y":0.9127939343452454,"z":-0.2644553482532501,"w":-0.2989485561847687},"size":2.871622085571289,"orthographic":false}