{"cameraMode":{"drawMode":0,"name":"Shaded","section":"Shading Mode"},"sceneLighting":true,"audioPlay":false,"sceneViewState":{"showFog":true,"showMaterialUpdate":true,"showSkybox":true,"showFlares":true,"showImageEffects":true,"showParticleSystems":true},"in2DMode":false,"pivot":{"x":-2.221957206726074,"y":0.957660436630249,"z":0.3597645163536072},"rotation":{"x":0.17065545916557313,"y":0.20814716815948487,"z":-0.036910008639097217,"w":0.9623923301696777},"size":3.589994430541992,"orthographic":false}