{"cameraMode":{"drawMode":0,"name":"Shaded","section":"Shading Mode"},"sceneLighting":true,"audioPlay":false,"sceneViewState":{"showFog":true,"showMaterialUpdate":true,"showSkybox":true,"showFlares":true,"showImageEffects":true,"showParticleSystems":true},"in2DMode":false,"pivot":{"x":-2.0035200119018556,"y":1.283381700515747,"z":2.8841001987457277},"rotation":{"x":0.0024334341287612917,"y":0.9959434866905212,"z":-0.08536133915185929,"w":0.028392083942890168},"size":2.921708822250366,"orthographic":false}