{"cameraMode":{"drawMode":0,"name":"Shaded","section":"Shading Mode"},"sceneLighting":true,"audioPlay":false,"sceneViewState":{"showFog":true,"showMaterialUpdate":true,"showSkybox":true,"showFlares":true,"showImageEffects":true,"showParticleSystems":true},"in2DMode":false,"pivot":{"x":-1.491658091545105,"y":0.9613215923309326,"z":1.4816575050354005},"rotation":{"x":0.14597758650779725,"y":0.464057058095932,"z":-0.07784195244312287,"w":0.8702278137207031},"size":3.5580108165740969,"orthographic":false}