{"cameraMode":{"drawMode":0,"name":"Shaded","section":"Shading Mode"},"sceneLighting":false,"audioPlay":false,"sceneViewState":{"showFog":true,"showMaterialUpdate":true,"showSkybox":false,"showFlares":true,"showImageEffects":true,"showParticleSystems":true},"in2DMode":false,"pivot":{"x":-1.430999994277954,"y":0.9489999413490295,"z":3.237548351287842},"rotation":{"x":-0.024796461686491967,"y":0.9746594429016113,"z":-0.17283082008361817,"w":-0.13983680307865144},"size":0.3366374373435974,"orthographic":true}