{"cameraMode":{"drawMode":0,"name":"Shaded","section":"Shading Mode"},"sceneLighting":false,"audioPlay":false,"sceneViewState":{"showFog":true,"showMaterialUpdate":true,"showSkybox":false,"showFlares":true,"showImageEffects":true,"showParticleSystems":true},"in2DMode":false,"pivot":{"x":-0.5865514278411865,"y":0.40054312348365786,"z":7.97177791595459},"rotation":{"x":0.08706245571374893,"y":-0.9101939797401428,"z":0.24691304564476014,"w":0.3209376633167267},"size":0.2677997350692749,"orthographic":false}