{"cameraMode":{"drawMode":0,"name":"Shaded","section":"Shading Mode"},"sceneLighting":true,"audioPlay":false,"sceneViewState":{"showFog":true,"showMaterialUpdate":true,"showSkybox":true,"showFlares":true,"showImageEffects":true,"showParticleSystems":true},"in2DMode":false,"pivot":{"x":-1.3774003982543946,"y":1.222083568572998,"z":3.060307741165161},"rotation":{"x":0.10313502699136734,"y":-0.8249379396438599,"z":0.15984991192817689,"w":0.5322485566139221},"size":3.5409650802612306,"orthographic":false}