{"cameraMode":{"drawMode":0,"name":"Shaded","section":"Shading Mode"},"sceneLighting":true,"audioPlay":false,"sceneViewState":{"showFog":true,"showMaterialUpdate":true,"showSkybox":true,"showFlares":true,"showImageEffects":true,"showParticleSystems":true},"in2DMode":false,"pivot":{"x":-1.491658091545105,"y":0.9613215923309326,"z":1.4816575050354005},"rotation":{"x":-0.0996553972363472,"y":0.7424132823944092,"z":-0.11334067583084107,"w":-0.6527290344238281},"size":3.5580108165740969,"orthographic":false}