{"cameraMode":{"drawMode":0,"name":"Shaded","section":"Shading Mode"},"sceneLighting":true,"audioPlay":false,"sceneViewState":{"showFog":true,"showMaterialUpdate":true,"showSkybox":true,"showFlares":true,"showImageEffects":true,"showParticleSystems":true},"in2DMode":false,"pivot":{"x":-0.7312588691711426,"y":-0.14341714978218079,"z":6.0098395347595219},"rotation":{"x":0.09894979745149613,"y":-0.8069093823432922,"z":0.14133606851100923,"w":0.5649217367172241},"size":1.0058355331420899,"orthographic":false}