{"cameraMode":{"drawMode":0,"name":"Shaded","section":"Shading Mode"},"sceneLighting":true,"audioPlay":false,"sceneViewState":{"showFog":true,"showMaterialUpdate":true,"showSkybox":true,"showFlares":true,"showImageEffects":true,"showParticleSystems":true},"in2DMode":false,"pivot":{"x":2.083275318145752,"y":4.409694671630859,"z":4.32064962387085},"rotation":{"x":0.043940406292676929,"y":-0.9529494047164917,"z":0.1689811646938324,"w":0.24779734015464784},"size":4.835587501525879,"orthographic":false}