{"cameraMode":{"drawMode":0,"name":"Shaded","section":"Shading Mode"},"sceneLighting":false,"audioPlay":false,"sceneViewState":{"showFog":true,"showMaterialUpdate":true,"showSkybox":false,"showFlares":true,"showImageEffects":true,"showParticleSystems":true},"in2DMode":false,"pivot":{"x":-9.313225746154786e-10,"y":0.00011062808334827423,"z":-1.862645149230957e-9},"rotation":{"x":0.09255816042423248,"y":-0.4146125018596649,"z":0.04243777319788933,"w":0.9042842388153076},"size":0.22362357378005982,"orthographic":true}